South_Dakota_Counties,Democrat,Republican,Others,Year,Voter_turnout_percent
Aurora,556,804,40,2012,75.05
Beadle,2881,4230,152,2012,69.35
Bennett,548,626,29,2012,64.92
Bon Homme,1167,1830,77,2012,78.77
Brookings,5826,6219,353,2012,67.05
Brown,7249,8320,497,2012,69.62
Brule,824,1499,56,2012,71.17
Buffalo,472,166,3,2012,74.29
Butte,1000,3068,133,2012,66.29
Campbell,153,616,18,2012,66.17
Charles Mix,1482,2229,51,2012,67.50
Clark,713,1067,41,2012,71.36
Clay,2955,2146,132,2012,63.90
Codington,4588,6696,240,2012,69.51
Corson,647,515,37,2012,50.31
Custer,1335,3062,123,2012,77.35
Davison,3042,4754,172,2012,69.42
Day,1497,1320,56,2012,69.78
Deuel,941,1175,55,2012,73.87
Dewey,1207,663,25,2012,62.05
Douglas,332,1334,24,2012,75.09
Edmunds,622,1264,50,2012,70.06
Fall river,1137,2256,118,2012,69.73
Faulk,331,765,31,2012,71.21
Grant,1493,2034,79,2012,71.81
Gregory,599,1507,45,2012,76.60
Haakon,138,940,14,2012,80.52
Hamlin,921,1803,69,2012,74.51
Hand,575,1242,31,2012,74.42
Hanson,760,1627,29,2012,67.60
Harding,82,638,19,2012,78.96
Hughes,2786,5219,150,2012,75.25
Hutchinson,923,2451,51,2012,71.85
Hyde,189,531,13,2012,72.07
Jackson,426,661,19,2012,65.63
Jerauld,452,538,16,2012,75.13
Jones,108,490,11,2012,82.93
Kingsbury,1092,1451,65,2012,75.34
Lake,2724,3419,142,2012,71.35
Lawerence,3973,7025,361,2012,68.84
Lincoln,7982,13611,359,2012,73.91
Lyman,605,933,31,2012,67.13
Marshall,1061,899,37,2012,68.45
McCook,905,1655,53,2012,70.90
McPherson,272,921,22,2012,68.71
Meade,2928,7560,323,2012,70.45
Mellette,375,381,13,2012,64.82
Miner,479,636,25,2012,69.81
Minnehaha,34668,40330,1567,2012,70.01
Moody,1429,1535,69,2012,74.07
Pennington,15122,28229,1107,2012,69.83
Perkins,319,1205,66,2012,74.84
Potter,339,1029,13,2012,75.00
Roberts,2302,1883,71,2012,66.26
Sanbron,389,688,38,2012,69.06
Shannon,2922,188,20,2012,41.12
Spink,1300,1670,71,2012,71.77
Stanely,435,1063,42,2012,78.10
Sully,186,611,19,2012,77.75
Todd,1976,498,23,2012,50.28
Tripp,737,1905,49,2012,71.51
Turner,1411,2715,84,2012,73.72
Union,2782,4698,116,2012,70.48
Walworth,671,1731,60,2012,65.54
Yankton,4208,5468,253,2012,72.45
Ziebach,439,314,8,2012,48.75
Aurora,655,794,46,2008,76.91
Beadle,3493,4054,167,2008,68.20
Bennett,557,614,37,2008,57.06
Bon Homme,1367,1712,96,2008,78.74
Brookings,7207,6431,307,2008,72.78
Brown,9041,8067,318,2008,73.56
Brule,965,1407,67,2008,70.12
Buffalo,454,156,9,2008,55.65
Butte,1306,2821,129,2008,70.02
Campbell,243,591,20,2008,69.90
Charles Mix,1807,2109,62,2008,69.93
Clark,830,1065,45,2008,70.48
Clay,3808,2296,138,2008,69.16
Codington,5595,6374,216,2008,72.35
Corson,837,535,34,2008,57.54
Custer,1475,2909,123,2008,77.62
Davison,3554,4731,170,2008,71.93
Day,1785,1372,48,2008,73.90
Deuel,1054,1088,76,2008,73.60
Dewey,1328,659,32,2008,54.54
Douglas,424,1293,39,2008,76.59
Edmunds,819,1213,44,2008,73.97
Fall river,1338,2348,123,2008,70.93
Faulk,426,739,27,2008,72.29
Grant,1786,1951,93,2008,73.53
Gregory,771,1423,53,2008,75.47
Haakon,187,939,27,2008,77.28
Hamlin,1043,1661,83,2008,76.94
Hand,718,1247,46,2008,75.39
Hanson,961,1426,44,2008,69.36
Harding,135,575,24,2008,78.99
Hughes,3037,5298,133,2008,76.77
Hutchinson,1242,2285,81,2008,70.38
Hyde,226,547,12,2008,74.20
Jackson,435,668,30,2008,66.47
Jerauld,542,546,17,2008,72.16
Jones,147,463,17,2008,78.90
Kingsbury,1277,1435,72,2008,75.31
Lake,3033,2993,131,2008,76.32
Lawerence,4932,6787,336,2008,71.97
Lincoln,8642,11803,322,2008,78.42
Lyman,710,894,37,2008,65.73
Marshall,1219,1646,80,2008,72.78
McCook,1219,1646,80,2008,74.21
McPherson,441,915,19,2008,71.45
Meade,1261,900,30,2008,74.45
Mellette,3751,7515,340,2008,64.68
Miner,373,445,25,2008,71.34
Minnehaha,605,577,36,2008,76.24
Moody,39838,39251,1463,2008,74.51
Pennington,1663,1508,83,2008,74.50
Perkins,499,1102,85,2008,76.28
Potter,482,937,21,2008,76.86
Roberts,2672,1781,83,2008,68.02
Sanbron,500,669,38,2008,68.07
Shannon,2971,331,48,2008,42.59
Spink,1550,1660,59,2008,73.00
Stanely,510,1017,26,2008,75.11
Sully,233,581,19,2008,79.31
Todd,2208,571,49,2008,51.50
Tripp,914,1859,66,2008,72.91
Turner,1681,2538,133,2008,75.23
Union,3244,4310,147,2008,74.37
Walworth,923,1668,59,2008,70.27
Yankton,4838,5039,257,2008,74.47
Ziebach,554,312,25,2008,57.92
Aurora,620,1009,20,2004,81.01
Beadle,3443,4917,120,2004,76.07
Bennett,759,833,38,2004,70.08
Bon Homme,1293,2063,52,2004,81.70
Brookings,5443,7662,270,2004,78.68
Brown,7943,10386,270,2004,79.79
Brule,1040,1544,45,2004,76.14
Buffalo,603,223,15,2004,75.95
Butte,1009,3166,96,2004,74.26
Campbell,239,708,12,2004,77.90
Charles Mix,2155,2556,87,2004,82.13
Clark,875,1435,17,2004,81.05
Clay,3315,2692,129,2004,67.18
Codington,4803,7778,170,2004,78.29
Corson,972,720,32,2004,66.96
Custer,1272,2922,110,2004,80.10
Davison,3263,5561,128,2004,79.83
Day,1817,1671,52,2004,81.33
Deuel,961,1406,45,2004,80.53
Dewey,1606,921,37,2004,63.10
Douglas,393,1596,23,2004,84.70
Edmunds,765,1434,35,2004,79.77
Fall river,1326,2413,106,2004,76.41
Faulk,418,945,6,2004,79.13
Grant,1633,2392,65,2004,78.98
Gregory,813,1685,48,2004,73.63
Haakon,219,1007,14,2004,80.24
Hamlin,1015,1946,50,2004,82.11
Hand,668,1482,37,2004,79.50
Hanson,745,1379,26,2004,74.75
Harding,94,704,17,2004,82.82
Hughes,2697,6017,121,2004,79.43
Hutchinson,1177,2899,71,2004,82.99
Hyde,259,631,10,2004,78.25
Jackson,508,726,37,2004,70.91
Jerauld,482,736,18,2004,79.39
Jones,134,565,18,2004,86.67
Kingsbury,1163,1804,47,2004,82.02
Lake,2509,3359,139,2004,78.61
Lawerence,3857,7489,273,2004,77.30
Lincoln,5703,11161,202,2004,84.15
Lyman,872,1029,39,2004,74.50
Marshall,1201,2017,53,2004,84.06
McCook,369,1180,30,2004,80.72
McPherson,1099,1242,23,2004,77.20
Meade,2941,8347,216,2004,78.05
Mellette,361,553,17,2004,72.19
Miner,641,810,19,2004,77.85
Minnehaha,32314,44189,1129,2004,81.69
Moody,1609,1790,52,2004,78.60
Pennington,14213,29976,779,2004,79.17
Perkins,418,1329,66,2004,79.30
Potter,463,1329,66,2004,82.06
Roberts,2527,2396,59,2004,75.76
Sanbron,581,817,28,2004,75.35
Shannon,3566,526,122,2004,56.98
Spink,1478,2259,37,2004,81.34
Stanely,464,1129,30,2004,80.11
Sully,201,702,14,2004,83.62
Todd,2543,889,92,2004,65.17
Tripp,972,2230,43,2004,80.04
Turner,1646,3084,104,2004,80.94
Union,3000,3987,61,2004,76.70
Walworth,878,1967,35,2004,73.61
Yankton,4237,6003,191,2004,79.93
Ziebach,641,447,28,2004,66.88
Aurora,513,847,53,2000,70.79
Beadle,3216,4347,176,2000,66.97
Bennett,377,712,27,2000,59.21
Bon Homme,1162,1901,76,2000,72.22
Brookings,4546,6212,226,2000,64.24
Brown,7173,9060,323,2000,73.20
Brule,818,1268,81,2000,65.61
Buffalo,256,140,12,2000,44.06
Butte,840,2760,89,2000,62.63
Campbell,147,739,31,2000,65.40
Charles Mix,1300,2205,74,2000,64.51
Clark,791,1272,45,2000,74.39
Clay,2638,2363,104,2000,57.19
Codington,4192,6718,228,2000,71.59
Corson,549,629,65,2000,55.17
Custer,955,2495,123,2000,71.00
Davison,2936,4445,147,2000,65.31
Day,1492,1623,82,2000,71.69
Deuel,926,1245,53,2000,74.54
Dewey,880,761,40,2000,49.20
Douglas,363,1311,35,2000,71.84
Edmunds,676,1257,53,2000,65.68
Fall river,1133,2185,111,2000,69.43
Faulk,388,904,37,2000,76.30
Grant,1475,2235,120,2000,74.46
Gregory,718,1487,52,2000,66.98
Haakon,164,938,27,2000,71.64
Hamlin,923,1731,69,2000,74.32
Hand,565,1419,47,2000,70.18
Hanson,457,944,20,2000,62.00
Harding,64,650,17,2000,75.61
Hughes,2212,5188,134,2000,70.05
Hutchinson,1052,2497,76,2000,67.28
Hyde,218,592,25,2000,68.56
Jackson,319,687,34,2000,62.53
Jerauld,468,624,30,2000,72.78
Jones,137,509,18,2000,78.45
Kingsbury,1049,1612,66,2000,69.40
Lake,2331,2724,99,2000,69.67
Lawerence,2797,6327,282,2000,65.44
Lincoln,3844,6546,166,2000,74.67
Lyman,482,875,29,2000,61.23
Marshall,965,1610,56,2000,71.80
McCook,295,1073,49,2000,68.60
McPherson,939,1097,43,2000,65.45
Meade,2267,6870,229,2000,64.02
Mellette,222,495,16,2000,59.89
Miner,523,724,19,2000,67.28
Minnehaha,27042,33428,899,2000,72.17
Moody,1318,1361,56,2000,72.41
Pennington,11123,24696,738,2000,69.60
Perkins,297,1237,80,2000,67.81
Potter,356,1112,26,2000,70.84
Roberts,1700,2237,137,2000,68.22
Sanbron,468,767,33,2000,67.63
Shannon,1667,252,34,2000,38.35
Spink,1274,1957,53,2000,69.47
Stanely,402,955,24,2000,68.70
Sully,209,633,29,2000,72.61
Todd,993,478,23,2000,39.41
Tripp,799,1909,57,2000,71.32
Turner,1414,2514,76,2000,70.39
Union,2358,3265,149,2000,68.77
Walworth,721,1758,74,2000,64.40
Yankton,3596,4904,240,2000,67.98
Ziebach,314,384,23,2000,49.73
Aurora,664,709,214,1996,75.80
Beadle,3984,3670,927,1996,72.60
Bennett,507,539,99,1996,60.20
Bon Homme,1569,1428,439,1996,73.60
Brookings,5105,5112,1055,1996,67.30
Brown,7913,681,1733,1996,72.60
Brule,1091,981,332,1996,67.90
Buffalo,465,134,41,1996,67.90
Butte,1132,1947,578,1996,71.20
Campbell,202,623,145,1996,64.20
Charles Mix,1913,1711,411,1996,71.70
Clark,956,998,288,1996,75.80
Clay,2980,2008,584,1996,60.20
Codington,4722,4995,1338,1996,72.90
Corson,539,533,228,1996,55.60
Custer,1122,1740,495,1996,67.10
Davison,3364,3371,793,1996,71.10
Day,1840,1282,411,1996,75.40
Deuel,1090,955,304,1996,76.70
Dewey,1114,657,208,1996,58.10
Douglas,524,1210,175,1996,77.00
Edmunds,973,1055,282,1996,74.50
Fall river,1357,1636,465,1996,66.90
Faulk,493,726,170,1996,77.60
Grant,1805,1782,496,1996,74.60
Gregory,923,1208,302,1996,70.10
Haakon,284,887,118,1996,76.40
Hamlin,1101,1352,305,1996,74.30
Hand,803,1187,278,1996,74.30
Hanson,541,801,192,1996,74.20
Harding,151,537,97,1996,74.50
Hughes,2788,4469,611,1996,74.30
Hutchinson,1285,2177,449,1996,71.60
Hyde,309,493,102,1996,72.80
Jackson,423,646,100,1996,66.80
Jerauld,656,530,178,1996,79.70
Jones,184,463,82,1996,81.10
Kingsbury,1357,1297,347,1996,74.40
Lake,2526,1966,626,1996,71.70
Lawerence,3568,4430,1444,1996,68.00
Lincoln,3643,4201,743,1996,73.20
Lyman,646,726,151,1996,66.70
Marshall,1166,1292,265,1996,75.70
McCook,463,1080,192,1996,72.00
McPherson,1185,861,200,1996,75.20
Meade,2960,4984,1232,1996,62.40
Mellette,302,417,79,1996,59.00
Miner,739,571,179,1996,74.80
Minnehaha,29790,27432,4782,1996,73.50
Moody,1443,1024,300,1996,68.90
Pennington,12784,19293,3439,1996,69.00
Perkins,460,983,249,1996,71.70
Potter,534,979,189,1996,75.10
Roberts,2186,1646,501,1996,69.60
Sanbron,647,630,161,1996,73.40
Shannon,1926,253,105,1996,43.70
Spink,1636,1651,382,1996,72.60
Stanely,454,795,133,1996,68.00
Sully,321,592,112,1996,83.20
Todd,1380,482,129,1996,49.80
Tripp,1088,1680,364,1996,73.20
Turner,1682,1970,399,1996,71.30
Union,2378,2234,595,1996,68.50
Walworth,939,1461,389,1996,65.90
Yankton,3775,3885,1166,1996,70.30
Ziebach,483,375,72,1996,63.50
Aurora,680,594,438,1992,76.70
Beadle,3925,3363,1848,1992,75.74
Bennett,413,556,228,1992,59.35
Bon Homme,1294,1212,861,1992,70.00
Brookings,4645,4698,2659,1992,75.33
Brown,7521,6665,3861,1992,78.93
Brule,1060,908,708,1992,77.61
Buffalo,282,137,77,1992,48.82
Butte,973,1674,1053,1992,78.41
Campbell,222,574,257,1992,71.68
Charles Mix,1639,1570,890,1992,71.34
Clark,799,803,773,1992,80.86
Clay,2826,1869,1341,1992,75.19
Codington,3701,3943,3299,1992,78.43
Corson,444,483,324,1992,57.62
Custer,1078,1422,863,1992,77.17
Davison,3285,3111,1750,1992,76.52
Day,1578,1161,986,1992,76.63
Deuel,880,778,765,1992,78.36
Dewey,766,642,344,1992,56.30
Douglas,1175,403,8,1992,80.65
Edmunds,894,944,422,1992,73.69
Fall river,1416,1533,805,1992,71.50
Faulk,488,658,288,1992,78.88
Grant,1484,1595,1031,1992,78.89
Gregory,879,1027,709,1992,74.10
Haakon,209,860,249,1992,82.17
Hamlin,826,1133,781,1992,79.60
Hand,785,1130,631,1992,80.54
Hanson,566,522,347,1992,70.62
Harding,139,515,227,1992,79.44
Hughes,2578,4325,1218,1992,78.75
Hutchinson,1211,2002,943,1992,72.17
Hyde,301,440,214,1992,78.86
Jackson,351,627,190,1992,67.71
Jerauld,600,518,349,1992,82.88
Jones,166,454,159,1992,81.06
Kingsbury,1267,1113,763,1992,78.85
Lake,2388,1890,1312,1992,80.11
Lawerence,3157,3770,2732,1992,74.27
Lincoln,2943,3365,1615,1992,78.88
Lyman,486,669,325,1992,74.79
Marshall,1056,810,431,1992,75.41
McCook,1167,1177,640,1992,78.07
McPherson,478,945,329,1992,73.92
Meade,2694,4724,2657,1992,72.23
Mellette,277,417,147,1992,67.99
Miner,698,543,343,1992,75.68
Minnehaha,27016,25081,11689,1992,77.78
Moody,1473,898,733,1992,77.79
Pennington,11106,18052,8511,1992,71.10
Perkins,566,872,553,1992,71.08
Potter,493,901,384,1992,78.60
Roberts,1716,1437,968,1992,72.60
Sanbron,632,595,383,1992,76.19
Shannon,1267,225,159,1992,37.49
Spink,1732,1527,853,1992,79.89
Stanely,427,719,253,1992,74.30
Sully,273,565,172,1992,79.46
Todd,915,456,259,1992,47.79
Tripp,1046,1459,858,1992,75.83
Turner,1507,1906,877,1992,72.92
Union,2210,1784,1103,1992,78.22
Walworth,829,1439,640,1992,73.55
Yankton,3404,3430,2538,1992,79.14
Ziebach,280,328,122,1992,60.88
Aurora,987,856,11,1988,
Beadle,4523,4611,46,1988,
Bennett,579,663,20,1988,
Bon Homme,1574,1826,17,1988,
Brookings,4860,5394,51,1988,
Brown,8673,8537,92,1988,
Brule,991,971,12,1988,
Buffalo,334,151,5,1988,
Butte,1256,2291,35,1988,
Campbell,334,909,9,1988,
Charles Mix,2205,1966,13,1988,
Clark,1164,1247,13,1988,
Clay,2859,2307,34,1988,
Codington,4570,5050,94,1988,
Corson,722,710,16,1988,
Custer,1180,1806,50,1988,
Davison,3705,4024,57,1988,
Day,2137,1616,21,1988,
Deuel,1246,1251,31,1988,
Dewey,1007,765,17,1988,
Douglas,695,1438,6,1988,
Edmunds,1259,1327,13,1988,
Fall river,1380,2002,35,1988,
Faulk,714,842,5,1988,
Grant,1988,2148,36,1988,
Gregory,1138,1566,18,1988,
Haakon,379,958,14,1988,
Hamlin,1258,1380,13,1988,
Hand,1101,1461,16,1988,
Hanson,776,786,10,1988,
Harding,259,633,8,1988,
Hughes,2853,4545,44,1988,
Hutchinson,1594,2700,22,1988,
Hyde,436,546,37,1988,
Jackson,450,671,20,1988,
Jerauld,751,777,6,1988,
Jones,261,521,4,1988,
Kingsbury,1472,1592,23,1988,
Lake,2663,2439,20,1988,
Lawerence,3705,5570,104,1988,
Lincoln,3190,3537,30,1988,
Lyman,631,843,6,1988,
Marshall,1372,1142,11,1988,
McCook,1492,1501,9,1988,
McPherson,571,1358,7,1988,
Meade,3212,5189,72,1988,
Mellette,385,460,7,1988,
Miner,955,795,5,1988,
Minnehaha,29135,26765,195,1988,
Moody,1715,1161,13,1988,
Pennington,12068,19510,179,1988,
Perkins,851,1326,20,1988,
Potter,701,1175,17,1988,
Roberts,2267,2012,32,1988,
Sanbron,770,815,10,1988,
Shannon,1206,256,17,1988,
Spink,2071,1969,22,1988,
Stanely,511,698,10,1988,
Sully,393,571,42,1988,
Todd,1117,535,24,1988,
Tripp,1219,2113,24,1988,
Turner,1780,2436,23,1988,
Union,2612,1907,31,1988,
Walworth,1094,1940,26,1988,
Yankton,3777,4186,80,1988,
Ziebach,427,362,6,1988,
Aurora,840,1029,14,1984,
Beadle,3523,5876,23,1984,
Bennett,453,856,7,1984,
Bon Homme,1408,2478,20,1984,
Brookings,4089,6679,46,1984,
Brown,6852,10541,72,1984,
Brule,961,1578,17,1984,
Buffalo,236,253,5,1984,
Butte,784,2865,18,1984,
Campbell,214,1035,6,1984,
Charles Mix,1879,2660,24,1984,
Clark,960,1748,10,1984,
Clay,2711,3057,40,1984,
Codington,3528,6108,42,1984,
Corson,792,955,6,1984,
Custer,858,2183,22,1984,
Davison,3248,4783,17,1984,
Day,1932,2150,19,1984,
Deuel,941,1537,12,1984,
Dewey,772,941,14,1984,
Douglas,536,1713,5,1984,
Edmunds,1007,1553,10,1984,
Fall river,1135,2748,22,1984,
Faulk,579,1124,3,1984,
Grant,1606,2738,16,1984,
Gregory,780,1777,12,1984,
Haakon,237,1168,5,1984,
Hamlin,963,1782,16,1984,
Hand,846,2030,10,1984,
Hanson,625,898,7,1984,
Harding,186,723,3,1984,
Hughes,2072,4985,32,1984,
Hutchinson,1237,3372,15,1984,
Hyde,350,797,1,1984,
Jackson,365,903,7,1984,
Jerauld,542,1012,8,1984,
Jones,206,689,4,1984,
Kingsbury,1249,2121,13,1984,
Lake,2367,3027,19,1984,
Lawerence,2565,5949,55,1984,
Lincoln,2626,3988,22,1984,
Lyman,478,1120,7,1984,
Marshall,1111,1529,9,1984,
McCook,1448,1902,12,1984,
McPherson,418,1813,5,1984,
Meade,2093,5908,40,1984,
Mellette,303,616,8,1984,
Miner,960,1004,13,1984,
Minnehaha,23042,29908,221,1984,
Moody,1586,1633,9,1984,
Pennington,8224,21947,218,1984,
Perkins,714,1686,11,1984,
Potter,482,1551,2,1984,
Roberts,2063,2767,10,1984,
Sanbron,611,1080,4,1984,
Shannon,1489,324,16,1984,
Spink,1680,2627,17,1984,
Stanely,351,942,6,1984,
Sully,266,836,5,1984,
Todd,1022,679,13,1984,
Tripp,935,2483,22,1984,
Turner,1486,3086,20,1984,
Union,2221,2431,25,1984,
Walworth,779,2396,19,1984,
Yankton,2932,5161,52,1984,
Ziebach,359,429,4,1984,
Aurora,709,1251,163,1980,
Beadle,3521,5921,662,1980,
Bennett,350,919,55,1980,
Bon Homme,1191,2794,254,1980,
Brookings,3934,5727,1320,1980,
Brown,6050,10550,1399,1980,
Brule,925,1674,201,1980,
Buffalo,147,272,37,1980,
Butte,843,2850,205,1980,
Campbell,182,1271,45,1980,
Charles Mix,1741,2608,250,1980,
Clark,774,1963,174,1980,
Clay,2271,3004,1041,1980,
Codington,3353,5903,734,1980,
Corson,522,1233,100,1980,
Custer,708,2057,190,1980,
Davison,3107,4743,662,1980,
Day,1720,2507,316,1980,
Deuel,891,1657,196,1980,
Dewey,600,1045,122,1980,
Douglas,508,1855,100,1980,
Edmunds,883,1881,150,1980,
Fall river,982,2831,254,1980,
Faulk,520,1300,125,1980,
Grant,1602,2691,301,1980,
Gregory,883,2283,174,1980,
Haakon,255,1162,48,1980,
Hamlin,903,1885,219,1980,
Hand,803,2066,197,1980,
Hanson,598,1015,112,1980,
Harding,205,727,42,1980,
Hughes,1751,4652,645,1980,
Hutchinson,1145,3789,246,1980,
Hyde,273,864,84,1980,
Jackson,354,929,69,1980,
Jerauld,595,1018,116,1980,
Jones,189,689,41,1980,
Kingsbury,1132,2376,299,1980,
Lake,2207,3093,552,1980,
Lawerence,2259,5306,838,1980,
Lincoln,2261,3848,589,1980,
Lyman,486,1256,136,1980,
Marshall,1120,1710,171,1980,
McCook,1223,2014,307,1980,
McPherson,287,2056,59,1980,
Meade,1721,5349,471,1980,
Mellette,279,624,60,1980,
Miner,833,1172,166,1980,
Minnehaha,20008,26256,5214,1980,
Moody,1364,1807,309,1980,
Pennington,7121,18991,2092,1980,
Perkins,595,1931,129,1980,
Potter,436,1633,100,1980,
Roberts,1829,2904,276,1980,
Sanbron,628,1178,126,1980,
Shannon,1132,438,117,1980,
Spink,1572,2915,347,1980,
Stanely,339,892,68,1980,
Sully,220,852,77,1980,
Todd,972,803,148,1980,
Tripp,947,2669,160,1980,
Turner,1369,3343,320,1980,
Union,1830,2788,436,1980,
Walworth,753,2675,160,1980,
Yankton,2698,5355,694,1980,
Ziebach,246,523,35,1980,
Aurora,1269,831,9,1976,
Beadle,4846,4758,62,1976,
Bennett,481,610,20,1976,
Bon Homme,2154,1897,22,1976,
Brookings,4685,5278,63,1976,
Brown,8888,7609,136,1976,
Brule,1534,1175,14,1976,
Buffalo,240,194,0,1976,
Butte,1366,2055,51,1976,
Campbell,489,897,5,1976,
Charles Mix,2593,1779,22,1976,
Clark,1376,1449,13,1976,
Clay,2593,2647,61,1976,
Codington,4680,4504,29,1976,
Corson,967,846,10,1976,
Custer,995,1373,37,1976,
Davison,4510,3688,50,1976,
Day,2610,1617,30,1976,
Deuel,1465,1177,10,1976,
Dewey,706,820,8,1976,
Douglas,975,1315,5,1976,
Edmunds,1629,1294,9,1976,
Fall river,1537,2046,32,1976,
Faulk,1063,868,6,1976,
Grant,2398,2051,15,1976,
Gregory,1658,1475,12,1976,
Haakon,477,812,23,1976,
Hamlin,1402,1452,12,1976,
Hand,1477,1510,7,1976,
Hanson,1005,693,9,1976,
Harding,459,470,16,1976,
Hughes,2506,3997,33,1976,
Hutchinson,2062,2822,22,1976,
Hyde,572,687,4,1976,
Jackson,313,532,20,1976,
Jerauld,845,821,3,1976,
Jones,374,515,1,1976,
Kingsbury,1762,1844,11,1976,
Lake,2930,2530,16,1976,
Lawerence,3102,4206,141,1976,
Lincoln,2957,3105,22,1976,
Lyman,831,892,16,1976,
Marshall,1721,1233,13,1976,
McCook,1822,1744,12,1976,
McPherson,693,1662,12,1976,
Meade,2478,3096,116,1976,
Mellette,429,508,12,1976,
Miner,1289,839,12,1976,
Minnehaha,22068,23286,202,1976,
Moody,1942,1475,11,1976,
Pennington,10058,13352,289,1976,
Perkins,1262,1298,32,1976,
Potter,908,1136,8,1976,
Roberts,2890,1915,15,1976,
Sanbron,1025,881,6,1976,
Shannon,756,301,24,1976,
Spink,2650,2003,26,1976,
Stanely,548,637,4,1976,
Sully,505,630,4,1976,
Todd,826,583,25,1976,
Tripp,1822,1980,15,1976,
Turner,1906,2694,18,1976,
Union,2540,2297,23,1976,
Walworth,1516,2187,25,1976,
Washabaugh,276,229,21,1976,
Yankton,3987,4029,71,1976,
Ziebach,370,369,22,1976,
Aurora,1257,1075,7,1972,
Beadle,4297,5922,25,1972,
Bennett,476,808,2,1972,
Bon Homme,2368,2116,9,1972,
Brookings,4701,5182,33,1972,
Brown,8216,8134,101,1972,
Brule,1665,1421,11,1972,
Buffalo,275,221,1,1972,
Butte,1085,2452,26,1972,
Campbell,361,1169,7,1972,
Charles Mix,2691,2020,10,1972,
Clark,1336,1617,9,1972,
Clay,2821,2518,13,1972,
Codington,4601,4936,27,1972,
Corson,689,975,9,1972,
Custer,798,1476,15,1972,
Davison,4710,3796,25,1972,
Day,2719,1971,9,1972,
Deuel,1370,1357,9,1972,
Dewey,699,1008,5,1972,
Douglas,887,1434,4,1972,
Edmunds,1646,1567,3,1972,
Fall river,1107,2374,16,1972,
Faulk,986,1004,15,1972,
Grant,2231,2247,12,1972,
Gregory,1555,1670,12,1972,
Haakon,366,1021,9,1972,
Hamlin,1276,1693,9,1972,
Hand,1307,1806,6,1972,
Hanson,1022,876,8,1972,
Harding,253,637,0,1972,
Hughes,2037,4231,14,1972,
Hutchinson,2248,3092,8,1972,
Hyde,533,789,4,1972,
Jackson,261,581,4,1972,
Jerauld,829,988,3,1972,
Jones,346,642,9,1972,
Kingsbury,1632,2320,6,1972,
Lake,2886,2919,17,1972,
Lawerence,2533,4795,24,1972,
Lincoln,2617,3201,10,1972,
Lyman,774,1166,4,1972,
Marshall,1646,1500,1,1972,
McCook,1993,1963,7,1972,
McPherson,579,1950,6,1972,
Meade,1633,3416,31,1972,
Mellette,433,637,6,1972,
Miner,1337,1059,9,1972,
Minnehaha,22386,22447,155,1972,
Moody,1895,1648,11,1972,
Pennington,8592,13654,80,1972,
Perkins,900,1691,7,1972,
Potter,858,1389,6,1972,
Roberts,2976,2187,9,1972,
Sanbron,1074,1064,7,1972,
Shannon,1246,356,9,1972,
Spink,2321,2547,12,1972,
Stanely,492,779,7,1972,
Sully,414,773,4,1972,
Todd,907,806,10,1972,
Tripp,1538,2592,2,1972,
Turner,1993,3007,10,1972,
Union,2554,2271,17,1972,
Walworth,1287,2416,8,1972,
Washabaugh,211,245,0,1972,
Yankton,3835,4366,24,1972,
Ziebach,378,486,6,1972,
Aurora,1060,1043,130,1968,
Beadle,5357,4214,307,1968,
Bennett,457,665,111,1968,
Bon Homme,1773,2411,199,1968,
Brookings,3202,4674,205,1968,
Brown,7302,6685,560,1968,
Brule,1425,1237,153,1968,
Buffalo,265,261,28,1968,
Butte,1017,2090,196,1968,
Campbell,245,1216,73,1968,
Charles Mix,2369,2093,213,1968,
Clark,1325,1596,119,1968,
Clay,2006,2249,131,1968,
Codington,4235,3929,288,1968,
Corson,821,1108,80,1968,
Custer,727,1143,194,1968,
Davison,3585,3869,265,1968,
Day,2463,2062,182,1968,
Deuel,1076,1398,151,1968,
Dewey,721,941,123,1968,
Douglas,592,1613,77,1968,
Edmunds,1225,1534,181,1968,
Fall river,965,1843,286,1968,
Faulk,819,997,199,1968,
Grant,1890,2259,211,1968,
Gregory,1266,1810,251,1968,
Haakon,377,759,109,1968,
Hamlin,1149,1649,128,1968,
Hand,1136,1650,226,1968,
Hanson,826,901,72,1968,
Harding,266,564,65,1968,
Hughes,1666,3204,343,1968,
Hutchinson,1412,3544,175,1968,
Hyde,499,713,113,1968,
Jackson,267,480,98,1968,
Jerauld,745,1002,56,1968,
Jones,358,562,88,1968,
Kingsbury,1491,2300,146,1968,
Lake,2294,2876,188,1968,
Lawerence,2425,4185,338,1968,
Lincoln,1961,3259,222,1968,
Lyman,643,1063,131,1968,
Marshall,1518,1471,140,1968,
McCook,1653,1959,188,1968,
McPherson,389,2105,126,1968,
Meade,1522,2392,343,1968,
Mellette,407,611,79,1968,
Miner,1255,1045,92,1968,
Minnehaha,16462,20141,1177,1968,
Moody,1614,1689,153,1968,
Pennington,7303,9671,1174,1968,
Perkins,869,1498,114,1968,
Potter,780,1273,149,1968,
Roberts,2651,2225,337,1968,
Sanbron,956,1024,80,1968,
Shannon,1202,533,61,1968,
Spink,2669,2068,178,1968,
Stanely,439,572,98,1968,
Sully,356,676,93,1968,
Todd,987,683,91,1968,
Tripp,1362,2242,245,1968,
Turner,1350,3246,205,1968,
Union,2014,2212,225,1968,
Walworth,1276,2204,182,1968,
Washabaugh,203,224,22,1968,
Yankton,2733,3977,382,1968,
Ziebach,350,449,55,1968,
Aurora,1555,871,0,1964,
Beadle,5968,4051,0,1964,
Bennett,775,624,0,1964,
Bon Homme,2494,1784,0,1964,
Brookings,4191,3692,0,1964,
Brown,9107,5524,0,1964,
Brule,2205,968,0,1964,
Buffalo,501,278,0,1964,
Butte,1863,1877,0,1964,
Campbell,411,1162,0,1964,
Charles Mix,3488,1625,0,1964,
Clark,1771,1511,0,1964,
Clay,2599,1802,0,1964,
Codington,5353,3593,0,1964,
Corson,1328,1034,0,1964,
Custer,1176,1142,0,1964,
Davison,4861,2789,0,1964,
Day,3235,1914,0,1964,
Deuel,1524,1317,0,1964,
Dewey,1259,981,0,1964,
Douglas,1149,1189,0,1964,
Edmunds,1708,1442,0,1964,
Fall river,1706,2026,0,1964,
Faulk,1225,974,0,1964,
Grant,2583,1854,0,1964,
Gregory,1995,1644,0,1964,
Haakon,662,795,0,1964,
Hamlin,1561,1525,0,1964,
Hand,1563,1466,0,1964,
Hanson,1232,802,0,1964,
Harding,487,489,0,1964,
Hughes,2606,2732,0,1964,
Hutchinson,2189,2884,0,1964,
Hyde,736,666,0,1964,
Jackson,480,448,0,1964,
Jerauld,999,857,0,1964,
Jones,548,415,0,1964,
Kingsbury,2005,2126,0,1964,
Lake,2988,2417,0,1964,
Lawerence,3468,3743,0,1964,
Lincoln,2836,2740,0,1964,
Lyman,1057,862,0,1964,
Marshall,2063,1183,0,1964,
McCook,2181,1756,0,1964,
McPherson,723,1891,0,1964,
Meade,2323,2140,0,1964,
Mellette,658,525,0,1964,
Miner,1679,945,0,1964,
Minnehaha,20929,16766,0,1964,
Moody,2301,1461,0,1964,
Pennington,9881,8926,0,1964,
Perkins,1255,1409,0,1964,
Potter,1260,954,0,1964,
Roberts,3567,1931,0,1964,
Sanbron,1401,912,0,1964,
Shannon,1748,557,0,1964,
Spink,3120,1953,0,1964,
Stanely,750,549,0,1964,
Sully,596,667,0,1964,
Todd,1274,723,0,1964,
Tripp,2241,1937,0,1964,
Turner,2184,2846,0,1964,
Union,2828,1727,0,1964,
Walworth,1952,1849,0,1964,
Washabaugh,348,211,0,1964,
Yankton,3747,3208,0,1964,
Ziebach,554,447,0,1964,
Aurora,1270,1267,0,1960,
Beadle,4079,5911,0,1960,
Bennett,607,779,0,1960,
Bon Homme,2052,2730,0,1960,
Brookings,2974,5710,0,1960,
Brown,7893,8037,0,1960,
Brule,1600,1403,0,1960,
Buffalo,334,294,0,1960,
Butte,1318,2496,0,1960,
Campbell,362,1330,0,1960,
Charles Mix,2754,2446,0,1960,
Clark,1406,2204,0,1960,
Clay,1878,2772,0,1960,
Codington,4304,5309,0,1960,
Corson,1093,1290,0,1960,
Custer,878,1533,0,1960,
Davison,4108,4105,0,1960,
Day,2835,2626,0,1960,
Deuel,1173,1907,0,1960,
Dewey,1044,1168,0,1960,
Douglas,541,2002,0,1960,
Edmunds,1609,1728,0,1960,
Fall river,1426,2492,0,1960,
Faulk,1043,1240,0,1960,
Grant,2114,2611,0,1960,
Gregory,1778,2063,0,1960,
Haakon,595,980,0,1960,
Hamlin,1230,2139,0,1960,
Hand,1397,1872,0,1960,
Hanson,1153,1087,0,1960,
Harding,382,676,0,1960,
Hughes,2036,3320,0,1960,
Hutchinson,1557,3948,0,1960,
Hyde,660,773,0,1960,
Jackson,366,581,0,1960,
Jerauld,863,1165,0,1960,
Jones,423,644,0,1960,
Kingsbury,1677,2887,0,1960,
Lake,2224,3520,0,1960,
Lawerence,2612,5083,0,1960,
Lincoln,1985,3553,0,1960,
Lyman,852,1166,0,1960,
Marshall,1674,1704,0,1960,
McCook,1797,2375,0,1960,
McPherson,616,2354,0,1960,
Meade,1923,2644,0,1960,
Mellette,510,774,0,1960,
Miner,1316,1377,0,1960,
Minnehaha,15152,23238,0,1960,
Moody,1918,2119,0,1960,
Pennington,7478,11364,0,1960,
Perkins,1164,1767,0,1960,
Potter,1004,1326,0,1960,
Roberts,3089,2857,0,1960,
Sanbron,1249,1254,0,1960,
Shannon,1135,655,0,1960,
Spink,2563,2738,0,1960,
Stanely,730,678,0,1960,
Sully,483,864,0,1960,
Todd,904,909,0,1960,
Tripp,1748,2466,0,1960,
Turner,1547,4120,0,1960,
Union,2331,2688,0,1960,
Walworth,1468,2406,0,1960,
Washabaugh,213,260,0,1960,
Yankton,3061,4065,0,1960,
Ziebach,512,568,0,1960,
