"","South_Dakota_Counties","Democrat","Republican","Others","Year","Voter_turnout_percent","dem_percent","rep_percent","others_percent","County_IND"
"1","Aurora",556,804,40,2012,75.05,40.8823529411765,59.1176470588235,2.94117647058824,1
"2","Beadle",2881,4230,152,2012,69.35,40.5146955421178,59.4853044578822,2.13753339895936,2
"3","Bennett",548,626,29,2012,64.92,46.6780238500852,53.3219761499148,2.47018739352641,3
"4","Bon Homme",1167,1830,77,2012,78.77,38.9389389389389,61.0610610610611,2.56923590256924,4
"5","Brookings",5826,6219,353,2012,67.05,48.3686176836862,51.6313823163138,2.93067662930677,5
"6","Brown",7249,8320,497,2012,69.62,46.5604727342797,53.4395272657203,3.1922409917143,6
"7","Brule",824,1499,56,2012,71.17,35.4713732242789,64.5286267757211,2.41067585019371,7
"8","Buffalo",472,166,3,2012,74.29,73.9811912225705,26.0188087774295,0.470219435736677,8
"9","Butte",1000,3068,133,2012,66.29,24.5821042281219,75.4178957718781,3.26941986234022,9
"10","Campbell",153,616,18,2012,66.17,19.8959687906372,80.1040312093628,2.3407022106632,10
"11","Charles Mix",1482,2229,51,2012,67.5,39.9353274050121,60.0646725949879,1.37429264349232,11
"12","Clark",713,1067,41,2012,71.36,40.0561797752809,59.9438202247191,2.30337078651685,12
"13","Clay",2955,2146,132,2012,63.9,57.9298176828073,42.0701823171927,2.58772789649088,13
"14","Codington",4588,6696,240,2012,69.51,40.6593406593407,59.3406593406593,2.1269053527118,14
"15","Corson",647,515,37,2012,50.31,55.6798623063683,44.3201376936317,3.184165232358,15
"16","Custer",1335,3062,123,2012,77.35,30.3616101887651,69.6383898112349,2.79736183761656,16
"17","Davison",3042,4754,172,2012,69.42,39.0200102616727,60.9799897383273,2.20625962031811,17
"18","Day",1497,1320,56,2012,69.78,53.1416400425985,46.8583599574015,1.98793042243521,18
"19","Deuel",941,1175,55,2012,73.87,44.4706994328923,55.5293005671078,2.5992438563327,19
"20","Dewey",1207,663,25,2012,62.05,64.5454545454545,35.4545454545455,1.33689839572193,20
"21","Douglas",332,1334,24,2012,75.09,19.9279711884754,80.0720288115246,1.4405762304922,21
"22","Edmunds",622,1264,50,2012,70.06,32.9798515376458,67.0201484623542,2.65111346765642,22
"23","Fall river",1137,2256,118,2012,69.73,33.5101679929266,66.4898320070734,3.47774830533451,23
"24","Faulk",331,765,31,2012,71.21,30.2007299270073,69.7992700729927,2.82846715328467,24
"25","Grant",1493,2034,79,2012,71.81,42.3305925715906,57.6694074284094,2.23986390700312,25
"26","Gregory",599,1507,45,2012,76.6,28.4425451092118,71.5574548907882,2.13675213675214,26
"27","Haakon",138,940,14,2012,80.52,12.8014842300557,87.1985157699443,1.2987012987013,27
"28","Hamlin",921,1803,69,2012,74.51,33.8105726872247,66.1894273127753,2.53303964757709,28
"29","Hand",575,1242,31,2012,74.42,31.6455696202532,68.3544303797468,1.70610897083104,29
"30","Hanson",760,1627,29,2012,67.6,31.8391286133222,68.1608713866778,1.21491411813992,30
"31","Harding",82,638,19,2012,78.96,11.3888888888889,88.6111111111111,2.63888888888889,31
"32","Hughes",2786,5219,150,2012,75.25,34.8032479700187,65.1967520299813,1.8738288569644,32
"33","Hutchinson",923,2451,51,2012,71.85,27.3562537048014,72.6437462951986,1.51155898043865,33
"34","Hyde",189,531,13,2012,72.07,26.25,73.75,1.80555555555556,34
"35","Jackson",426,661,19,2012,65.63,39.1904323827047,60.8095676172953,1.74793008279669,35
"36","Jerauld",452,538,16,2012,75.13,45.6565656565657,54.3434343434343,1.61616161616162,36
"37","Jones",108,490,11,2012,82.93,18.0602006688963,81.9397993311037,1.83946488294314,37
"38","Kingsbury",1092,1451,65,2012,75.34,42.9414077860794,57.0585922139206,2.55603617774282,38
"39","Lake",2724,3419,142,2012,71.35,44.3431548103532,55.6568451896468,2.31157414943839,39
"40","Lawerence",3973,7025,361,2012,68.84,36.1247499545372,63.8752500454628,3.28241498454264,40
"41","Lincoln",7982,13611,359,2012,73.91,36.9656833232992,63.0343166767008,1.66257583476127,41
"42","Lyman",605,933,31,2012,67.13,39.3368010403121,60.6631989596879,2.01560468140442,42
"43","Marshall",1061,899,37,2012,68.45,54.1326530612245,45.8673469387755,1.88775510204082,43
"44","McCook",905,1655,53,2012,70.9,35.3515625,64.6484375,2.0703125,44
"45","McPherson",272,921,22,2012,68.71,22.7996647108131,77.2003352891869,1.84409052808047,45
"46","Meade",2928,7560,323,2012,70.45,27.9176201372998,72.0823798627002,3.07971014492754,46
"47","Mellette",375,381,13,2012,64.82,49.6031746031746,50.3968253968254,1.71957671957672,47
"48","Miner",479,636,25,2012,69.81,42.9596412556054,57.0403587443946,2.24215246636771,48
"49","Minnehaha",34668,40330,1567,2012,70.01,46.2252326728713,53.7747673271287,2.08938905037468,49
"50","Moody",1429,1535,69,2012,74.07,48.2118758434548,51.7881241565452,2.32793522267206,50
"51","Pennington",15122,28229,1107,2012,69.83,34.8827016677816,65.1172983322184,2.55357431201126,51
"52","Perkins",319,1205,66,2012,74.84,20.9317585301837,79.0682414698163,4.33070866141732,52
"53","Potter",339,1029,13,2012,75,24.780701754386,75.219298245614,0.950292397660819,53
"54","Roberts",2302,1883,71,2012,66.26,55.0059737156511,44.9940262843489,1.69653524492234,54
"55","Sanbron",389,688,38,2012,69.06,36.1188486536676,63.8811513463324,3.52831940575673,55
"56","Shannon",2922,188,20,2012,41.12,93.9549839228296,6.04501607717042,0.643086816720257,56
"57","Spink",1300,1670,71,2012,71.77,43.7710437710438,56.2289562289562,2.39057239057239,57
"58","Stanely",435,1063,42,2012,78.1,29.0387182910547,70.9612817089453,2.80373831775701,58
"59","Sully",186,611,19,2012,77.75,23.3375156838143,76.6624843161857,2.38393977415307,59
"60","Todd",1976,498,23,2012,50.28,79.8706548100242,20.1293451899757,0.929668552950687,60
"61","Tripp",737,1905,49,2012,71.51,27.8955336866011,72.1044663133989,1.85465556396669,61
"62","Turner",1411,2715,84,2012,73.72,34.1977702375182,65.8022297624818,2.03587009209889,62
"63","Union",2782,4698,116,2012,70.48,37.192513368984,62.807486631016,1.55080213903743,63
"64","Walworth",671,1731,60,2012,65.54,27.9350541215654,72.0649458784346,2.49791840133222,64
"65","Yankton",4208,5468,253,2012,72.45,43.4890450599421,56.5109549400579,2.61471682513435,66
"66","Ziebach",439,314,8,2012,48.75,58.3001328021248,41.6998671978752,1.06241699867198,67
"67","Aurora",655,794,46,2008,76.91,45.2035886818496,54.7964113181504,3.17460317460317,1
"68","Beadle",3493,4054,167,2008,68.2,46.2832913740559,53.7167086259441,2.21279978799523,2
"69","Bennett",557,614,37,2008,57.06,47.5661827497865,52.4338172502135,3.1596925704526,3
"70","Bon Homme",1367,1712,96,2008,78.74,44.3975316661254,55.6024683338746,3.1178954205911,4
"71","Brookings",7207,6431,307,2008,72.78,52.8449919343012,47.1550080656988,2.25106320574864,5
"72","Brown",9041,8067,318,2008,73.56,52.8466214636427,47.1533785363573,1.85877951835399,6
"73","Brule",965,1407,67,2008,70.12,40.6829679595278,59.3170320404722,2.82462057335582,7
"74","Buffalo",454,156,9,2008,55.65,74.4262295081967,25.5737704918033,1.47540983606557,8
"75","Butte",1306,2821,129,2008,70.02,31.645262902835,68.354737097165,3.12575720862612,9
"76","Campbell",243,591,20,2008,69.9,29.136690647482,70.863309352518,2.39808153477218,10
"77","Charles Mix",1807,2109,62,2008,69.93,46.144024514811,53.855975485189,1.5832482124617,11
"78","Clark",830,1065,45,2008,70.48,43.7994722955145,56.2005277044855,2.37467018469657,12
"79","Clay",3808,2296,138,2008,69.16,62.3853211009174,37.6146788990826,2.2608125819135,13
"80","Codington",5595,6374,216,2008,72.35,46.7457598796892,53.2542401203108,1.80466204361267,14
"81","Corson",837,535,34,2008,57.54,61.0058309037901,38.9941690962099,2.47813411078717,15
"82","Custer",1475,2909,123,2008,77.62,33.6450729927007,66.3549270072993,2.80565693430657,16
"83","Davison",3554,4731,170,2008,71.93,42.8968014484007,57.1031985515993,2.05190102595051,17
"84","Day",1785,1372,48,2008,73.9,56.5410199556541,43.4589800443459,1.52043078872347,18
"85","Deuel",1054,1088,76,2008,73.6,49.2063492063492,50.7936507936508,3.54808590102708,19
"86","Dewey",1328,659,32,2008,54.54,66.8344237544036,33.1655762455964,1.61046804227479,20
"87","Douglas",424,1293,39,2008,76.59,24.6942341292953,75.3057658707047,2.27140361094933,21
"88","Edmunds",819,1213,44,2008,73.97,40.3051181102362,59.6948818897638,2.16535433070866,22
"89","Fall river",1338,2348,123,2008,70.93,36.2995116657623,63.7004883342377,3.33695062398264,23
"90","Faulk",426,739,27,2008,72.29,36.5665236051502,63.4334763948498,2.3175965665236,24
"91","Grant",1786,1951,93,2008,73.53,47.7923468022478,52.2076531977522,2.48862724110249,25
"92","Gregory",771,1423,53,2008,75.47,35.1412944393801,64.8587055606199,2.41567912488605,26
"93","Haakon",187,939,27,2008,77.28,16.607460035524,83.392539964476,2.39786856127886,27
"94","Hamlin",1043,1661,83,2008,76.94,38.5724852071006,61.4275147928994,3.06952662721893,28
"95","Hand",718,1247,46,2008,75.39,36.5394402035623,63.4605597964377,2.34096692111959,29
"96","Hanson",961,1426,44,2008,69.36,40.2597402597403,59.7402597402597,1.84331797235023,30
"97","Harding",135,575,24,2008,78.99,19.0140845070423,80.9859154929577,3.38028169014084,31
"98","Hughes",3037,5298,133,2008,76.77,36.4367126574685,63.5632873425315,1.59568086382723,32
"99","Hutchinson",1242,2285,81,2008,70.38,35.2140629430111,64.7859370569889,2.29656932237029,33
"100","Hyde",226,547,12,2008,74.2,29.2367399741268,70.7632600258732,1.55239327296248,34
"101","Jackson",435,668,30,2008,66.47,39.4378966455122,60.5621033544878,2.71985494106981,35
"102","Jerauld",542,546,17,2008,72.16,49.8161764705882,50.1838235294118,1.5625,36
"103","Jones",147,463,17,2008,78.9,24.0983606557377,75.9016393442623,2.78688524590164,37
"104","Kingsbury",1277,1435,72,2008,75.31,47.0870206489676,52.9129793510325,2.65486725663717,38
"105","Lake",3033,2993,131,2008,76.32,50.3318951211417,49.6681048788583,2.17391304347826,39
"106","Lawerence",4932,6787,336,2008,71.97,42.0855021759536,57.9144978240464,2.86713883437153,40
"107","Lincoln",8642,11803,322,2008,78.42,42.2695035460993,57.7304964539007,1.57495720224994,41
"108","Lyman",710,894,37,2008,65.73,44.2643391521197,55.7356608478803,2.30673316708229,42
"109","Marshall",1219,1646,80,2008,72.78,42.5479930191972,57.4520069808028,2.79232111692845,43
"110","McCook",1219,1646,80,2008,74.21,42.5479930191972,57.4520069808028,2.79232111692845,44
"111","McPherson",441,915,19,2008,71.45,32.5221238938053,67.4778761061947,1.40117994100295,45
"112","Meade",1261,900,30,2008,74.45,58.35261453031,41.64738546969,1.388246182323,46
"113","Mellette",3751,7515,340,2008,64.68,33.2948695189064,66.7051304810936,3.01793005503284,47
"114","Miner",373,445,25,2008,71.34,45.59902200489,54.40097799511,3.05623471882641,48
"115","Minnehaha",605,577,36,2008,76.24,51.1844331641286,48.8155668358714,3.04568527918782,49
"116","Moody",39838,39251,1463,2008,74.51,50.3711009116312,49.6288990883688,1.84981476564377,50
"117","Pennington",1663,1508,83,2008,74.5,52.4440239672028,47.5559760327972,2.61747082939136,51
"118","Perkins",499,1102,85,2008,76.28,31.1680199875078,68.8319800124922,5.30918176139913,52
"119","Potter",482,937,21,2008,76.86,33.9675828047921,66.0324171952079,1.47991543340381,53
"120","Roberts",2672,1781,83,2008,68.02,60.0044913541433,39.9955086458567,1.86391196945879,54
"121","Sanbron",500,669,38,2008,68.07,42.7715996578272,57.2284003421728,3.25064157399487,55
"122","Shannon",2971,331,48,2008,42.59,89.9757722592368,10.0242277407632,1.45366444579043,56
"123","Spink",1550,1660,59,2008,73,48.2866043613707,51.7133956386293,1.83800623052959,57
"124","Stanely",510,1017,26,2008,75.11,33.3988212180747,66.6011787819253,1.70268500327439,58
"125","Sully",233,581,19,2008,79.31,28.6240786240786,71.3759213759214,2.33415233415233,59
"126","Todd",2208,571,49,2008,51.5,79.4530406621087,20.5469593378913,1.7632241813602,60
"127","Tripp",914,1859,66,2008,72.91,32.9606923909124,67.0393076090876,2.38009376126938,61
"128","Turner",1681,2538,133,2008,75.23,39.8435648257881,60.1564351742119,3.15240578336099,62
"129","Union",3244,4310,147,2008,74.37,42.9441355573206,57.0558644426794,1.94598888006354,63
"130","Walworth",923,1668,59,2008,70.27,35.6233114627557,64.3766885372443,2.27711308375145,64
"131","Yankton",4838,5039,257,2008,74.47,48.9824845600891,51.0175154399109,2.6020046572846,66
"132","Ziebach",554,312,25,2008,57.92,63.9722863741339,36.0277136258661,2.88683602771363,67
"133","Aurora",620,1009,20,2004,81.01,38.0601596071209,61.9398403928791,1.22774708410068,1
"134","Beadle",3443,4917,120,2004,76.07,41.1842105263158,58.8157894736842,1.43540669856459,2
"135","Bennett",759,833,38,2004,70.08,47.6758793969849,52.3241206030151,2.38693467336683,3
"136","Bon Homme",1293,2063,52,2004,81.7,38.5280095351609,61.4719904648391,1.54946364719905,4
"137","Brookings",5443,7662,270,2004,78.68,41.5337657382678,58.4662342617322,2.06028233498665,5
"138","Brown",7943,10386,270,2004,79.79,43.3356975285067,56.6643024714933,1.47307545419826,6
"139","Brule",1040,1544,45,2004,76.14,40.2476780185758,59.7523219814242,1.74148606811146,7
"140","Buffalo",603,223,15,2004,75.95,73.0024213075061,26.9975786924939,1.81598062953995,8
"141","Butte",1009,3166,96,2004,74.26,24.1676646706587,75.8323353293413,2.29940119760479,9
"142","Campbell",239,708,12,2004,77.9,25.2375923970433,74.7624076029567,1.26715945089757,10
"143","Charles Mix",2155,2556,87,2004,82.13,45.7440033963065,54.2559966036935,1.84674166843558,11
"144","Clark",875,1435,17,2004,81.05,37.8787878787879,62.1212121212121,0.735930735930736,12
"145","Clay",3315,2692,129,2004,67.18,55.1856167804228,44.8143832195772,2.14749458964541,13
"146","Codington",4803,7778,170,2004,78.29,38.1766155313568,61.8233844686432,1.35124393927351,14
"147","Corson",972,720,32,2004,66.96,57.4468085106383,42.5531914893617,1.89125295508274,15
"148","Custer",1272,2922,110,2004,80.1,30.3290414878398,69.6709585121602,2.62279446828803,16
"149","Davison",3263,5561,128,2004,79.83,36.9786944696283,63.0213055303717,1.4505893019039,17
"150","Day",1817,1671,52,2004,81.33,52.0928899082569,47.9071100917431,1.49082568807339,18
"151","Deuel",961,1406,45,2004,80.53,40.5999155048585,59.4000844951415,1.90114068441065,19
"152","Dewey",1606,921,37,2004,63.1,63.5536208943411,36.4463791056589,1.46418678274634,20
"153","Douglas",393,1596,23,2004,84.7,19.7586726998492,80.2413273001508,1.15635997988939,21
"154","Edmunds",765,1434,35,2004,79.77,34.7885402455662,65.2114597544338,1.59163256025466,22
"155","Fall river",1326,2413,106,2004,76.41,35.4640278149238,64.5359721850762,2.83498261567264,23
"156","Faulk",418,945,6,2004,79.13,30.6676449009538,69.3323550990462,0.440205429200293,24
"157","Grant",1633,2392,65,2004,78.98,40.5714285714286,59.4285714285714,1.61490683229814,25
"158","Gregory",813,1685,48,2004,73.63,32.5460368294636,67.4539631705364,1.92153722978383,26
"159","Haakon",219,1007,14,2004,80.24,17.862969004894,82.137030995106,1.14192495921697,27
"160","Hamlin",1015,1946,50,2004,82.11,34.2789598108747,65.7210401891253,1.68861870989531,28
"161","Hand",668,1482,37,2004,79.5,31.0697674418605,68.9302325581395,1.72093023255814,29
"162","Hanson",745,1379,26,2004,74.75,35.075329566855,64.924670433145,1.2241054613936,30
"163","Harding",94,704,17,2004,82.82,11.7794486215539,88.2205513784461,2.13032581453634,31
"164","Hughes",2697,6017,121,2004,79.43,30.9501950883636,69.0498049116364,1.38857011705302,32
"165","Hutchinson",1177,2899,71,2004,82.99,28.8763493621197,71.1236506378803,1.74190382728165,33
"166","Hyde",259,631,10,2004,78.25,29.1011235955056,70.8988764044944,1.12359550561798,34
"167","Jackson",508,726,37,2004,70.91,41.1669367909238,58.8330632090762,2.99837925445705,35
"168","Jerauld",482,736,18,2004,79.39,39.5730706075534,60.4269293924466,1.47783251231527,36
"169","Jones",134,565,18,2004,86.67,19.170243204578,80.829756795422,2.57510729613734,37
"170","Kingsbury",1163,1804,47,2004,82.02,39.1978429389956,60.8021570610044,1.58409167509269,38
"171","Lake",2509,3359,139,2004,78.61,42.7573278800273,57.2426721199727,2.36877982276755,39
"172","Lawerence",3857,7489,273,2004,77.3,33.9943592455491,66.0056407544509,2.40613432046536,40
"173","Lincoln",5703,11161,202,2004,84.15,33.8175996204934,66.1824003795066,1.19781783681214,41
"174","Lyman",872,1029,39,2004,74.5,45.8705944239874,54.1294055760126,2.0515518148343,42
"175","Marshall",1201,2017,53,2004,84.06,37.3213175885643,62.6786824114357,1.64698570540709,43
"176","McCook",369,1180,30,2004,80.72,23.8218205293738,76.1781794706262,1.93673337637185,44
"177","McPherson",1099,1242,23,2004,77.2,46.9457496796241,53.0542503203759,0.982486117043998,45
"178","Meade",2941,8347,216,2004,78.05,26.0542168674699,73.9457831325301,1.91353649893692,46
"179","Mellette",361,553,17,2004,72.19,39.4967177242888,60.5032822757112,1.85995623632385,47
"180","Miner",641,810,19,2004,77.85,44.1764300482426,55.8235699517574,1.30944176430048,48
"181","Minnehaha",32314,44189,1129,2004,81.69,42.2388664496817,57.7611335503183,1.47575912055736,49
"182","Moody",1609,1790,52,2004,78.6,47.3374521918211,52.6625478081789,1.52986172403648,50
"183","Pennington",14213,29976,779,2004,79.17,32.1641132408518,67.8358867591482,1.76288216524474,51
"184","Perkins",418,1329,66,2004,79.3,23.9267315397825,76.0732684602175,3.77790497996566,52
"185","Potter",463,1329,66,2004,82.06,25.8370535714286,74.1629464285714,3.68303571428571,53
"186","Roberts",2527,2396,59,2004,75.76,51.3304895388991,48.669510461101,1.19845622587853,54
"187","Sanbron",581,817,28,2004,75.35,41.5593705293276,58.4406294706724,2.00286123032904,55
"188","Shannon",3566,526,122,2004,56.98,87.1456500488759,12.8543499511241,2.98142717497556,56
"189","Spink",1478,2259,37,2004,81.34,39.5504415306396,60.4495584693605,0.99009900990099,57
"190","Stanely",464,1129,30,2004,80.11,29.127432517263,70.872567482737,1.88323917137476,58
"191","Sully",201,702,14,2004,83.62,22.2591362126246,77.7408637873754,1.55038759689922,59
"192","Todd",2543,889,92,2004,65.17,74.0967365967366,25.9032634032634,2.68065268065268,60
"193","Tripp",972,2230,43,2004,80.04,30.3560274828232,69.6439725171768,1.34291068082448,61
"194","Turner",1646,3084,104,2004,80.94,34.7991543340381,65.2008456659619,2.19873150105708,62
"195","Union",3000,3987,61,2004,76.7,42.93688278231,57.06311721769,0.87304994990697,63
"196","Walworth",878,1967,35,2004,73.61,30.8611599297012,69.1388400702988,1.23022847100176,64
"197","Yankton",4237,6003,191,2004,79.93,41.376953125,58.623046875,1.865234375,66
"198","Ziebach",641,447,28,2004,66.88,58.9154411764706,41.0845588235294,2.57352941176471,67
"199","Aurora",513,847,53,2000,70.79,37.7205882352941,62.2794117647059,3.89705882352941,1
"200","Beadle",3216,4347,176,2000,66.97,42.5228084093614,57.4771915906386,2.32711886817401,2
"201","Bennett",377,712,27,2000,59.21,34.6189164370983,65.3810835629017,2.47933884297521,3
"202","Bon Homme",1162,1901,76,2000,72.22,37.9366634018936,62.0633365981064,2.48122755468495,4
"203","Brookings",4546,6212,226,2000,64.24,42.256925079011,57.743074920989,2.10076222346161,5
"204","Brown",7173,9060,323,2000,73.2,44.1877656625393,55.8122343374607,1.9897739173289,6
"205","Brule",818,1268,81,2000,65.61,39.2138063279003,60.7861936720997,3.8830297219559,7
"206","Buffalo",256,140,12,2000,44.06,64.6464646464647,35.3535353535354,3.03030303030303,8
"207","Butte",840,2760,89,2000,62.63,23.3333333333333,76.6666666666667,2.47222222222222,9
"208","Campbell",147,739,31,2000,65.4,16.5914221218962,83.4085778781038,3.49887133182844,10
"209","Charles Mix",1300,2205,74,2000,64.51,37.0898716119829,62.9101283880171,2.11126961483595,11
"210","Clark",791,1272,45,2000,74.39,38.3422200678623,61.6577799321377,2.18128938439166,12
"211","Clay",2638,2363,104,2000,57.19,52.749450109978,47.250549890022,2.07958408318336,13
"212","Codington",4192,6718,228,2000,71.59,38.4234647112741,61.5765352887259,2.08982584784601,14
"213","Corson",549,629,65,2000,55.17,46.6044142614601,53.3955857385399,5.51782682512733,15
"214","Custer",955,2495,123,2000,71,27.6811594202899,72.3188405797101,3.56521739130435,16
"215","Davison",2936,4445,147,2000,65.31,39.7778078851104,60.2221921148896,1.9916000541932,17
"216","Day",1492,1623,82,2000,71.69,47.8972712680578,52.1027287319422,2.63242375601926,18
"217","Deuel",926,1245,53,2000,74.54,42.6531552280055,57.3468447719945,2.44127130354675,19
"218","Dewey",880,761,40,2000,49.2,53.6258379037172,46.3741620962828,2.4375380865326,20
"219","Douglas",363,1311,35,2000,71.84,21.6845878136201,78.3154121863799,2.09080047789725,21
"220","Edmunds",676,1257,53,2000,65.68,34.971546818417,65.028453181583,2.74185204345577,22
"221","Fall river",1133,2185,111,2000,69.43,34.1470765521398,65.8529234478601,3.34538878842676,23
"222","Faulk",388,904,37,2000,76.3,30.030959752322,69.969040247678,2.86377708978328,24
"223","Grant",1475,2235,120,2000,74.46,39.7574123989218,60.2425876010782,3.23450134770889,25
"224","Gregory",718,1487,52,2000,66.98,32.562358276644,67.437641723356,2.35827664399093,26
"225","Haakon",164,938,27,2000,71.64,14.8820326678766,85.1179673321234,2.45009074410163,27
"226","Hamlin",923,1731,69,2000,74.32,34.7776940467219,65.2223059532781,2.59984928409947,28
"227","Hand",565,1419,47,2000,70.18,28.4778225806452,71.5221774193548,2.36895161290323,29
"228","Hanson",457,944,20,2000,62,32.6195574589579,67.3804425410421,1.42755174875089,30
"229","Harding",64,650,17,2000,75.61,8.96358543417367,91.0364145658263,2.38095238095238,31
"230","Hughes",2212,5188,134,2000,70.05,29.8918918918919,70.1081081081081,1.81081081081081,32
"231","Hutchinson",1052,2497,76,2000,67.28,29.6421527190758,70.3578472809242,2.14144829529445,33
"232","Hyde",218,592,25,2000,68.56,26.9135802469136,73.0864197530864,3.08641975308642,34
"233","Jackson",319,687,34,2000,62.53,31.7097415506958,68.2902584493042,3.37972166998012,35
"234","Jerauld",468,624,30,2000,72.78,42.8571428571429,57.1428571428571,2.74725274725275,36
"235","Jones",137,509,18,2000,78.45,21.2074303405573,78.7925696594427,2.78637770897833,37
"236","Kingsbury",1049,1612,66,2000,69.4,39.4212701991732,60.5787298008268,2.48027057497182,38
"237","Lake",2331,2724,99,2000,69.67,46.1127596439169,53.8872403560831,1.95845697329377,39
"238","Lawerence",2797,6327,282,2000,65.44,30.6554142919772,69.3445857080228,3.09074967119684,40
"239","Lincoln",3844,6546,166,2000,74.67,36.9971126082772,63.0028873917228,1.59769008662175,41
"240","Lyman",482,875,29,2000,61.23,35.5195283714075,64.4804716285925,2.13706705969049,42
"241","Marshall",965,1610,56,2000,71.8,37.4757281553398,62.5242718446602,2.1747572815534,43
"242","McCook",295,1073,49,2000,68.6,21.5643274853801,78.4356725146199,3.58187134502924,44
"243","McPherson",939,1097,43,2000,65.45,46.1198428290766,53.8801571709234,2.11198428290766,45
"244","Meade",2267,6870,229,2000,64.02,24.8112071795994,75.1887928204006,2.50629309401335,46
"245","Mellette",222,495,16,2000,59.89,30.9623430962343,69.0376569037657,2.23152022315202,47
"246","Miner",523,724,19,2000,67.28,41.9406575781877,58.0593424218124,1.52365677626303,48
"247","Minnehaha",27042,33428,899,2000,72.17,44.7196957168844,55.2803042831156,1.48668761369274,49
"248","Moody",1318,1361,56,2000,72.41,49.197461739455,50.802538260545,2.0903322135125,50
"249","Pennington",11123,24696,738,2000,69.6,31.0533515731874,68.9466484268126,2.06035902733186,51
"250","Perkins",297,1237,80,2000,67.81,19.361147327249,80.638852672751,5.21512385919166,52
"251","Potter",356,1112,26,2000,70.84,24.2506811989101,75.7493188010899,1.77111716621253,53
"252","Roberts",1700,2237,137,2000,68.22,43.1800863601727,56.8199136398273,3.47980695961392,54
"253","Sanbron",468,767,33,2000,67.63,37.8947368421053,62.1052631578947,2.67206477732794,55
"254","Shannon",1667,252,34,2000,38.35,86.8681605002605,13.1318394997394,1.77175612298072,56
"255","Spink",1274,1957,53,2000,69.47,39.4305168678428,60.5694831321572,1.64035902197462,57
"256","Stanely",402,955,24,2000,68.7,29.6241709653648,70.3758290346352,1.76860722181282,58
"257","Sully",209,633,29,2000,72.61,24.8218527315914,75.1781472684086,3.44418052256532,59
"258","Todd",993,478,23,2000,39.41,67.5050985723997,32.4949014276003,1.56356220258328,60
"259","Tripp",799,1909,57,2000,71.32,29.5051698670606,70.4948301329394,2.10487444608567,61
"260","Turner",1414,2514,76,2000,70.39,35.9979633401222,64.0020366598778,1.93482688391039,62
"261","Union",2358,3265,149,2000,68.77,41.9349101902899,58.0650898097101,2.64983105104037,63
"262","Walworth",721,1758,74,2000,64.4,29.0843081887858,70.9156918112142,2.98507462686567,64
"263","Yankton",3596,4904,240,2000,67.98,42.3058823529412,57.6941176470588,2.82352941176471,66
"264","Ziebach",314,384,23,2000,49.73,44.9856733524355,55.0143266475645,3.29512893982808,67
"265","Aurora",664,709,214,1996,75.8,48.3612527312454,51.6387472687545,15.5863073561544,1
"266","Beadle",3984,3670,927,1996,72.6,52.0512150509538,47.9487849490462,12.1113143454403,2
"267","Bennett",507,539,99,1996,60.2,48.4703632887189,51.5296367112811,9.46462715105163,3
"268","Bon Homme",1569,1428,439,1996,73.6,52.3523523523523,47.6476476476476,14.647981314648,4
"269","Brookings",5105,5112,1055,1996,67.3,49.965743368895,50.034256631105,10.3259273759421,5
"270","Brown",7913,681,1733,1996,72.6,92.0758668838725,7.92413311612753,20.1652315569002,6
"271","Brule",1091,981,332,1996,67.9,52.6544401544402,47.3455598455598,16.023166023166,7
"272","Buffalo",465,134,41,1996,67.9,77.6293823038397,22.3706176961603,6.84474123539232,8
"273","Butte",1132,1947,578,1996,71.2,36.7651835011367,63.2348164988633,18.7723286781423,9
"274","Campbell",202,623,145,1996,64.2,24.4848484848485,75.5151515151515,17.5757575757576,10
"275","Charles Mix",1913,1711,411,1996,71.7,52.7869757174393,47.2130242825607,11.341059602649,11
"276","Clark",956,998,288,1996,75.8,48.9252814738997,51.0747185261003,14.7389969293756,12
"277","Clay",2980,2008,584,1996,60.2,59.7433841218925,40.2566158781075,11.7080994386528,13
"278","Codington",4722,4995,1338,1996,72.9,48.5952454461253,51.4047545538747,13.7696820006175,14
"279","Corson",539,533,228,1996,55.6,50.2798507462687,49.7201492537313,21.2686567164179,15
"280","Custer",1122,1740,495,1996,67.1,39.2033542976939,60.7966457023061,17.2955974842767,16
"281","Davison",3364,3371,793,1996,71.1,49.9480326651819,50.0519673348181,11.7743132887899,17
"282","Day",1840,1282,411,1996,75.4,58.9365791159513,41.0634208840487,13.1646380525304,18
"283","Deuel",1090,955,304,1996,76.7,53.3007334963325,46.6992665036675,14.8655256723716,19
"284","Dewey",1114,657,208,1996,58.1,62.9023150762281,37.0976849237719,11.7447769621683,20
"285","Douglas",524,1210,175,1996,77,30.2191464821223,69.7808535178777,10.0922722029988,21
"286","Edmunds",973,1055,282,1996,74.5,47.9783037475345,52.0216962524655,13.905325443787,22
"287","Fall river",1357,1636,465,1996,66.9,45.339124624123,54.660875375877,15.5362512529235,23
"288","Faulk",493,726,170,1996,77.6,40.4429860541427,59.5570139458573,13.9458572600492,24
"289","Grant",1805,1782,496,1996,74.6,50.3206021745191,49.6793978254809,13.8277111792584,25
"290","Gregory",923,1208,302,1996,70.1,43.3129985922102,56.6870014077898,14.1717503519474,26
"291","Haakon",284,887,118,1996,76.4,24.2527754056362,75.7472245943638,10.0768573868488,27
"292","Hamlin",1101,1352,305,1996,74.3,44.8838157358337,55.1161842641663,12.433754586221,28
"293","Hand",803,1187,278,1996,74.3,40.3517587939699,59.6482412060301,13.9698492462312,29
"294","Hanson",541,801,192,1996,74.2,40.3129657228018,59.6870342771982,14.3070044709389,30
"295","Harding",151,537,97,1996,74.5,21.9476744186047,78.0523255813954,14.0988372093023,31
"296","Hughes",2788,4469,611,1996,74.3,38.4180790960452,61.5819209039548,8.41945707592669,32
"297","Hutchinson",1285,2177,449,1996,71.6,37.1172732524552,62.8827267475448,12.9693818601964,33
"298","Hyde",309,493,102,1996,72.8,38.5286783042394,61.4713216957606,12.7182044887781,34
"299","Jackson",423,646,100,1996,66.8,39.5696913002806,60.4303086997194,9.35453695042095,35
"300","Jerauld",656,530,178,1996,79.7,55.3119730185497,44.6880269814502,15.008431703204,36
"301","Jones",184,463,82,1996,81.1,28.4389489953632,71.5610510046368,12.6738794435858,37
"302","Kingsbury",1357,1297,347,1996,74.4,51.1303692539563,48.8696307460437,13.0746043707611,38
"303","Lake",2526,1966,626,1996,71.7,56.233303650935,43.766696349065,13.9358860195904,39
"304","Lawerence",3568,4430,1444,1996,68,44.6111527881971,55.3888472118029,18.0545136284071,40
"305","Lincoln",3643,4201,743,1996,73.2,46.443141254462,53.556858745538,9.47220805711372,41
"306","Lyman",646,726,151,1996,66.7,47.0845481049563,52.9154518950437,11.0058309037901,42
"307","Marshall",1166,1292,265,1996,75.7,47.4369406021155,52.5630593978845,10.7811228641172,43
"308","McCook",463,1080,192,1996,72,30.0064808813999,69.9935191186001,12.4432922877511,44
"309","McPherson",1185,861,200,1996,75.2,57.9178885630499,42.0821114369502,9.77517106549365,45
"310","Meade",2960,4984,1232,1996,62.4,37.2608257804632,62.7391742195367,15.5085599194361,46
"311","Mellette",302,417,79,1996,59,42.0027816411683,57.9972183588317,10.9874826147427,47
"312","Miner",739,571,179,1996,74.8,56.412213740458,43.587786259542,13.6641221374046,48
"313","Minnehaha",29790,27432,4782,1996,73.5,52.0603963510538,47.9396036489462,8.35692565796372,49
"314","Moody",1443,1024,300,1996,68.9,58.4920956627483,41.5079043372517,12.1605188488042,50
"315","Pennington",12784,19293,3439,1996,69,39.854101069302,60.145898930698,10.7210774074882,51
"316","Perkins",460,983,249,1996,71.7,31.8780318780319,68.1219681219681,17.2557172557173,52
"317","Potter",534,979,189,1996,75.1,35.2941176470588,64.7058823529412,12.491738268341,53
"318","Roberts",2186,1646,501,1996,69.6,57.0459290187891,42.9540709812109,13.0741127348643,54
"319","Sanbron",647,630,161,1996,73.4,50.6656225528583,49.3343774471417,12.6076742364918,55
"320","Shannon",1926,253,105,1996,43.7,88.3891693437357,11.6108306562643,4.81872418540615,56
"321","Spink",1636,1651,382,1996,72.6,49.7718284149681,50.2281715850319,11.621539397627,57
"322","Stanely",454,795,133,1996,68,36.3490792634107,63.6509207365893,10.648518815052,58
"323","Sully",321,592,112,1996,83.2,35.1588170865279,64.8411829134721,12.2672508214677,59
"324","Todd",1380,482,129,1996,49.8,74.1138560687433,25.8861439312567,6.92803437164339,60
"325","Tripp",1088,1680,364,1996,73.2,39.3063583815029,60.6936416184971,13.150289017341,61
"326","Turner",1682,1970,399,1996,71.3,46.0569550930997,53.9430449069003,10.9255202628697,62
"327","Union",2378,2234,595,1996,68.5,51.561144839549,48.438855160451,12.9011274934952,63
"328","Walworth",939,1461,389,1996,65.9,39.125,60.875,16.2083333333333,64
"329","Yankton",3775,3885,1166,1996,70.3,49.2819843342037,50.7180156657963,15.2219321148825,66
"330","Ziebach",483,375,72,1996,63.5,56.2937062937063,43.7062937062937,8.39160839160839,67
"331","Aurora",680,594,438,1992,76.7,53.3751962323391,46.6248037676609,34.3799058084772,1
"332","Beadle",3925,3363,1848,1992,75.74,53.8556531284303,46.1443468715697,25.3567508232711,2
"333","Bennett",413,556,228,1992,59.35,42.6212590299278,57.3787409700722,23.5294117647059,3
"334","Bon Homme",1294,1212,861,1992,70,51.6360734237829,48.3639265762171,34.3575418994413,4
"335","Brookings",4645,4698,2659,1992,75.33,49.7163651931928,50.2836348068072,28.4598094830354,5
"336","Brown",7521,6665,3861,1992,78.93,53.0170590723248,46.9829409276752,27.2169744818836,6
"337","Brule",1060,908,708,1992,77.61,53.8617886178862,46.1382113821138,35.9756097560976,7
"338","Buffalo",282,137,77,1992,48.82,67.3031026252983,32.6968973747017,18.3770883054893,8
"339","Butte",973,1674,1053,1992,78.41,36.7585946354363,63.2414053645637,39.7808840196449,9
"340","Campbell",222,574,257,1992,71.68,27.8894472361809,72.1105527638191,32.286432160804,10
"341","Charles Mix",1639,1570,890,1992,71.34,51.0751012776566,48.9248987223434,27.7344967279526,11
"342","Clark",799,803,773,1992,80.86,49.8751560549313,50.1248439450687,48.2521847690387,12
"343","Clay",2826,1869,1341,1992,75.19,60.1916932907348,39.8083067092652,28.5623003194888,13
"344","Codington",3701,3943,3299,1992,78.43,48.4170591313448,51.5829408686552,43.1580324437467,14
"345","Corson",444,483,324,1992,57.62,47.8964401294498,52.1035598705502,34.9514563106796,15
"346","Custer",1078,1422,863,1992,77.17,43.12,56.88,34.52,16
"347","Davison",3285,3111,1750,1992,76.52,51.3602251407129,48.6397748592871,27.3608505315822,17
"348","Day",1578,1161,986,1992,76.63,57.6122672508215,42.3877327491785,35.9985396129974,18
"349","Deuel",880,778,765,1992,78.36,53.0759951749095,46.9240048250905,46.1399276236429,19
"350","Dewey",766,642,344,1992,56.3,54.4034090909091,45.5965909090909,24.4318181818182,20
"351","Douglas",1175,403,8,1992,80.65,74.4613434727503,25.5386565272497,0.506970849176172,21
"352","Edmunds",894,944,422,1992,73.69,48.6398258977149,51.3601741022851,22.9597388465724,22
"353","Fall river",1416,1533,805,1992,71.5,48.0162767039674,51.9837232960326,27.2973889454052,23
"354","Faulk",488,658,288,1992,78.88,42.5828970331588,57.4171029668412,25.130890052356,24
"355","Grant",1484,1595,1031,1992,78.89,48.1974667099708,51.8025332900292,33.4848976940565,25
"356","Gregory",879,1027,709,1992,74.1,46.1175236096537,53.8824763903463,37.1983210912907,26
"357","Haakon",209,860,249,1992,82.17,19.5509822263798,80.4490177736202,23.2927970065482,27
"358","Hamlin",826,1133,781,1992,79.6,42.1643695763144,57.8356304236856,39.8672792240939,28
"359","Hand",785,1130,631,1992,80.54,40.9921671018277,59.0078328981723,32.9503916449086,29
"360","Hanson",566,522,347,1992,70.62,52.0220588235294,47.9779411764706,31.8933823529412,30
"361","Harding",139,515,227,1992,79.44,21.2538226299694,78.7461773700306,34.7094801223242,31
"362","Hughes",2578,4325,1218,1992,78.75,37.346081413878,62.653918586122,17.6445023902651,32
"363","Hutchinson",1211,2002,943,1992,72.17,37.6906318082789,62.3093681917211,29.3495175848117,33
"364","Hyde",301,440,214,1992,78.86,40.6207827260459,59.3792172739541,28.8798920377868,34
"365","Jackson",351,627,190,1992,67.71,35.8895705521472,64.1104294478528,19.4274028629857,35
"366","Jerauld",600,518,349,1992,82.88,53.6672629695885,46.3327370304114,31.216457960644,36
"367","Jones",166,454,159,1992,81.06,26.7741935483871,73.2258064516129,25.6451612903226,37
"368","Kingsbury",1267,1113,763,1992,78.85,53.2352941176471,46.7647058823529,32.0588235294118,38
"369","Lake",2388,1890,1312,1992,80.11,55.820476858345,44.179523141655,30.6685366993922,39
"370","Lawerence",3157,3770,2732,1992,74.27,45.5752851162119,54.4247148837881,39.4398729608777,40
"371","Lincoln",2943,3365,1615,1992,78.88,46.6550412175016,53.3449587824984,25.6024096385542,41
"372","Lyman",486,669,325,1992,74.79,42.0779220779221,57.9220779220779,28.1385281385281,42
"373","Marshall",1056,810,431,1992,75.41,56.5916398713826,43.4083601286174,23.0975348338692,43
"374","McCook",1167,1177,640,1992,78.07,49.7866894197952,50.2133105802048,27.3037542662116,44
"375","McPherson",478,945,329,1992,73.92,33.5910049191848,66.4089950808152,23.1201686577653,45
"376","Meade",2694,4724,2657,1992,72.23,36.3170665947695,63.6829334052305,35.8182798598005,46
"377","Mellette",277,417,147,1992,67.99,39.9135446685879,60.0864553314121,21.1815561959654,47
"378","Miner",698,543,343,1992,75.68,56.2449637389202,43.7550362610798,27.6390008058018,48
"379","Minnehaha",27016,25081,11689,1992,77.78,51.8571126936292,48.1428873063708,22.4369925331593,49
"380","Moody",1473,898,733,1992,77.79,62.125685364825,37.874314635175,30.9152256431885,50
"381","Pennington",11106,18052,8511,1992,71.1,38.089032169559,61.910967830441,29.1892448041704,51
"382","Perkins",566,872,553,1992,71.08,39.3602225312935,60.6397774687065,38.4561891515994,52
"383","Potter",493,901,384,1992,78.6,35.3658536585366,64.6341463414634,27.5466284074605,53
"384","Roberts",1716,1437,968,1992,72.6,54.4243577545195,45.5756422454805,30.7009197589597,54
"385","Sanbron",632,595,383,1992,76.19,51.5077424612877,48.4922575387123,31.2143439282804,55
"386","Shannon",1267,225,159,1992,37.49,84.9195710455764,15.0804289544236,10.656836461126,56
"387","Spink",1732,1527,853,1992,79.89,53.1451365449524,46.8548634550476,26.1736729057993,57
"388","Stanely",427,719,253,1992,74.3,37.260034904014,62.739965095986,22.0767888307155,58
"389","Sully",273,565,172,1992,79.46,32.5775656324582,67.4224343675418,20.5250596658711,59
"390","Todd",915,456,259,1992,47.79,66.7396061269147,33.2603938730853,18.8913202042305,60
"391","Tripp",1046,1459,858,1992,75.83,41.7564870259481,58.2435129740519,34.251497005988,61
"392","Turner",1507,1906,877,1992,72.92,44.1547026076765,55.8452973923235,25.6958687371814,62
"393","Union",2210,1784,1103,1992,78.22,55.3329994992489,44.6670005007511,27.6164246369554,63
"394","Walworth",829,1439,640,1992,73.55,36.5520282186949,63.4479717813051,28.2186948853616,64
"395","Yankton",3404,3430,2538,1992,79.14,49.8097746561311,50.1902253438689,37.1378402107111,66
"396","Ziebach",280,328,122,1992,60.88,46.0526315789474,53.9473684210526,20.0657894736842,67
